{
  "generation_date": "2025-11-17T20:38:52.279612",
  "total_videos": 49,
  "total_comparisons": 16,
  "best_methods": {
    "opinion_news": {
      "method": "gemini_no_roberta",
      "pearson_r": 0.7159544398476396,
      "mae": 0.703125
    },
    "nuance": {
      "method": "gemini_no_roberta",
      "pearson_r": 0.4486061898403893,
      "mae": 1.1452380952380952
    },
    "order_creativity": {
      "method": "gemini_no_roberta",
      "pearson_r": 0.7510432821090627,
      "mae": 0.9333333333333333
    },
    "prevention_promotion": {
      "method": "gemini_no_roberta",
      "pearson_r": 0.7728554956283707,
      "mae": 0.7745098039215685
    }
  },
  "overall_stats": {
    "mean_pearson_r": 0.5392081101275609,
    "std_pearson_r": 0.1705959843757527,
    "mean_mae": 0.9287691525479094,
    "std_mae": 0.157900599297341
  }
}